source;target
Deanmufc77;ecb
BurseShantez;JimboSamso
PostModMarkets;CoinDesk
Elenai88;VincentCrypt46
Elenai88;CodeMonkeyZ
Alexjam04365546;SmartCryptoNew1
Alexjam04365546;Bibox365
Alexjam04365546;Yield_Field_1
Alexjam04365546;Plasma_Pay
ohaiom;jchervinsky
oteikwu16;IAmENISA
oteikwu16;gyaigyimii
oteikwu16;Dehkunle
oteikwu16;instablog9ja
Suspiria91;elonmusk
Suspiria91;naval
scarce_assets;LukeGromen
DeyeyeSeun;IAmENISA
DeyeyeSeun;TheCryptoLark
cryptoninjatech;brucefenton
cryptoninjatech;Ripple
juanDominic3;binance
juanDominic3;gandoes3
Haidz1629;DexDigest
Haidz1629;Bibox365
Haidz1629;SmartCryptoNew1
Syed_VIP07;NischalShetty
Syed_VIP07;WazirXIndia
Yuppie89375256;RussellOkung
Yuppie89375256;100trillionUSD
Yuppie89375256;bitcoinzay
Patrick64978404;JoeBiden
T_R_I_U_M_P_H;saxena_puru
T_R_I_U_M_P_H;cperruna
T_R_I_U_M_P_H;YouTube
mclarry02;donaldyip
DJS13765202;BorisJohnson
DJS13765202;TiceRichard
DJS13765202;MattHancock
Jhadj_OriGin8or;PeterSchiff
jaguirre390;Santiag78758327
jaguirre390;rohangrey
jaguirre390;RealVision
millenial_red;CodeMonkeyZ
LightningDarkLD;konsTYtucJApl
LightningDarkLD;realDonaldTrump
EUbrainwashing;SkyNews
EUbrainwashing;JamesDelingpole
EUbrainwashing;jeffreyatucker
EUbrainwashing;MahyarTousi
EUbrainwashing;MichaelYeadon3
EUbrainwashing;YouTube
jpscasteras;Kiffmeister
jpscasteras;jp_koning
jpscasteras;Gonzo_MM
jpscasteras;pesla
Ben_Jamin_Ball;Neloangelo314
MyCryptocurren1;NeerajKA
MyCryptocurren1;elonmusk
manbeachproject;RaoulGMI
manbeachproject;balajis
Breezybree270;RussellOkung
MackAttackXRP;SEC_News
iamlisakirk;RussellOkung
The_Moccasin_;RealJamesWoods
The_Moccasin_;realDonaldTrump
The_Moccasin_;TomFitton
The_Moccasin_;tedcruz
1way_xrp;GoldTelegraph_
jamestwilkinson;s_alderoty
jamestwilkinson;Reuters
xrpSparky91011;DiepSanh
xrpSparky91011;Ripple
AdamSpragg;RussellOkung
Tayyab447;PiCoreTeam
Tayyab447;CryptoAdventure
jimdelisle;DiepSanh
BlacklionCTA;TerryWitterBTC
BlacklionCTA;SantiagoAuFund
gandoes3;binance
BillKronoss;FatEmperor
BillKronoss;MichaelYeadon3
jpsc01;GoingParabolic
Sdavis8;chigrl
masarwah4;GeorgeGammon
roark183;PeterSchiff
alexjohnward;wisewizzz
alexjohnward;MartinAudley
ric_pickle;JackHar10524114
FASTchu03;BLACKPINK
schoenrock_zach;GoldTelegraph_
Emmanuel190417;coinbase
Wiliverpooll;zerohedge
Cap_Ton;xrp_mami
CF_Poet;FinanceLancelot
CF_Poet;SantiagoAuFund
HamidRowaihy;SEC_News
HamidRowaihy;BankXRP
_animal_spirits;ttmygh
_animal_spirits;AitkenAdvisors
_animal_spirits;fleckcap
JimForsythe5;LukeGromen
pikell_;saxena_puru
ZizweMabece;tito_mboweni
SolveExistence;SantiagoAuFund
SolveExistence;zndtoshi
SolveExistence;LukeGromen
SolveExistence;RichardHastie
SolveExistence;btcbraj
SolveExistence;BaldBitcoin
maxydeartino;GoldTelegraph_
defi_danny;TR401
GalaxyDigital11;TrustWalletApp
GalaxyDigital11;binance
GalaxyDigital11;kucoincom
GalaxyDigital11;WazirXIndia
GalaxyDigital11;PayPal
GalaxyDigital11;Grayscale
GalaxyDigital11;cctip_io
GalaxyDigital11;HuobiGlobal
GalaxyDigital11;Roobet
GalaxyDigital11;davidgokhshtein
Moonblast78;davidgokhshtein
Moonblast78;Bitboy_Crypto
Moonblast78;TheCryptoLark
JusticeYemen21;zerohedge
OpLoveJustin;Twitter
WholePicture_;chigrl
valeantadvisors;Melt_Dem
valeantadvisors;IvanOnTech
haydentiff;crasl7
haydentiff;JoelKatz
haydentiff;Hopiumhater
haydentiff;jchervinsky
collam1020;business
collam1020;markets
collam1020;Nouriel
brianhhawthorne;davidgerard
anarchotaoist;LukeGromen
anarchotaoist;zndtoshi
anarchotaoist;RichardHastie
anarchotaoist;btcbraj
anarchotaoist;BaldBitcoin
CryptoKingMake2;Reuters
CoinpediaNews;alistairmilne
CoinpediaNews;michael_saylor
CoinpediaNews;danheld
PropineGlobal;CoinDesk
stauffelbaker;SEC_News
stauffelbaker;Ripple
SmindCrypto;Alphonsobwjr
SmindCrypto;RyanSAdams
SmindCrypto;Cointelegraph
gman31881;michael_saylor
PINSrvr;xrp_mami
ThePipe58922469;maxkeiser
ThePipe58922469;bankofengland
ThePipe58922469;federalreserve
BAmirmojahed;cz_binance
BAmirmojahed;AryacoinAYA
BAmirmojahed;binance
BAmirmojahed;TheCryptoLark
BAmirmojahed;aantonop
BAmirmojahed;IvanOnTech
RatesZero;NeilClark66
RatesZero;Mark_J_Harper
RatesZero;zerohedge
RatesZero;simondolan
RatesZero;emmakennytv
RatesZero;GoldTelegraph_
dougywolfe;htsfhickey
dougywolfe;DTAPCAP
dougywolfe;saifedean
dougywolfe;aantonop
dougywolfe;skwp
soclose2me;htsfhickey
soclose2me;DTAPCAP
soclose2me;saifedean
soclose2me;aantonop
soclose2me;skwp
soclose2me;ttmygh
soclose2me;fleckcap
detector_tweet;xrp_mami
jshaver61;Nouriel
nasssnr81;DanBurkholder1
nasssnr81;TheRealTahinis
nasssnr81;PeterSchiff
AdviserCounsel;TR401
Skull_Crypto7;davidgokhshtein
Skull_Crypto7;girlgone_crypto
Skull_Crypto7;TheCryptoDog
Skull_Crypto7;binance
alie_shi;SmartCryptoNew1
alie_shi;instar
kochit070;News1Lead
kochit070;SmartCryptoNew1
kochit070;dentacoin
kochit070;Visa
kvrtaric;realDonaldTrump
Waakzaam;realDonaldTrump
ARevonnie;cryptosfaucets
ARevonnie;BCGameOfficial
ARevonnie;cctip_io
Kumowizard;YouTube
ardent_investor;PeterSchiff
ardent_investor;ZackG1982
EdejerAlyssa;SCryptoschool
EdejerAlyssa;News1Lead
EdejerAlyssa;bitfinex
EdejerAlyssa;SmartCryptoNew1
eddiejRobo;MichaelYeadon3
TTOTC1;Ripple
DawsonTu3;GregCrennan
BitcoinAlBundy;wisewizzz
BitcoinAlBundy;SallyMayweather
Magic2Matisse;PeterSchiff
bofallo1;Dehkunle
pickawpic;SCryptoschool
pickawpic;SmartCryptoNew1
pickawpic;instar
PsychoBunny777;PeterSchiff
the_bitcoin_bum;Breedlove22
Cesarse79786206;PeterSchiff
Cesarse79786206;ZackG1982
StAlpha1907;ErikSTownsend
StAlpha1907;ttmygh
Moonlight_the;MagniNano
Moonlight_the;realDonaldTrump
OliverBrowne16;Reuters
WqiznoW5y1AwLTb;DCGco
sppoker7;Breedlove22
EmelynCastro8;DexDigest
EmelynCastro8;News1Lead
EmelynCastro8;HuobiGlobal
LassuytChristop;coinbase
LassuytChristop;PayPal
BenicoDel;CoinDesk
DORYXRP;NischalShetty
RichRogers_;PeterSchiff
Richard31518380;GregMannarino
ScottSi32080182;Ripple
3ld43dh3l;FinanceLancelot
rahibaka84;markets
Onimisi59;instablog9ja
chey__says;ethereum
chey__says;Ripple
chey__says;Bitcoin
itsNeski;Nouriel
roytotten;chigrl
roytotten;GeorgeGammon
XRPS0L0;Hopiumhater
ekierklo;GeorgeGammon
ekierklo;YouTube
amirarsallann1;APompliano
amirarsallann1;Bitcoin
AsnaniBhavya;TheMoonCarl
AsnaniBhavya;elonmusk
sedaliafarmer;gbponz
sedaliafarmer;chigrl
sedaliafarmer;nglinsman
nosteponsnake24;zerohedge
nosteponsnake24;theRealKiyosaki
nosteponsnake24;masi_trading
FloridaManV2;PeterSchiff
Mike73725980;PiCoreTeam
RobinNico00;DGBGiveaway
RobinNico00;dgb_chilling
RobinNico00;DiviProject
RobinNico00;DGBAT_Official
RobinNico00;DigiByteCoin
RobinNico00;MustacheTommy
RobinNico00;coinkit_
SukaSuka81;coinkit_
SukaSuka81;DGBGiveaway
SukaSuka81;dgb_chilling
SukaSuka81;DiviProject
SukaSuka81;DGBAT_Official
SukaSuka81;DigiByteCoin
SukaSuka81;MustacheTommy
AJNovaScotia;talkRADIO
AJNovaScotia;BorisJohnson
EarnTogather;cryptosfaucets
KC04231455;galgitron
KC04231455;arrington
Jamalziou;elonmusk
paraskumar505;elonmusk
RandallBurt5;business
neptune_xrp;Ripple
crypton00b844;SEC_News
stage274;infosuphighway
stage274;MattStirner
rebecca_morgan;JamesDelingpole
saitlogmo;SEC_News
saitlogmo;Ripple
warrenbachman1;SoccerMomTrades
warrenbachman1;michael_saylor
ForRealTruth1;maxkeiser
ForRealTruth1;coinbase
Christi97211827;realDonaldTrump
TomStory71;SkyNews
Bobbb408;nic__carter
Bobbb408;zackvoell
Bobbb408;bgarlinghouse
GregoryPietsch;ttmygh
GregoryPietsch;fleckcap
Paisan26849860;SEC_News
Paisan26849860;Ripple
JohnWiK94304207;Reuters
andresvilarino;coinbase
andresvilarino;joelcomm
spleancrush;SEC_News
spleancrush;Ripple
MattStirner;Wealth_Theory
Sandrine_in_SC;zerohedge
jijinka8;PiCoreTeam
jijinka8;MinePiCrypto
JamieDu12407521;digitalassetbuy
JamieDu12407521;Ripple
Mohsin60422305;donaldyip
Mohsin60422305;PiCoreTeam
_C_R_Y_P_T_O;bgarlinghouse
_C_R_Y_P_T_O;Ripple
CryptoKnight_1;sentosumosaba
roosnaib;PiCoreTeam
FiscalSuspicion;thedrivenlife
Mumaaaaa1;SmartCryptoNew1
Mumaaaaa1;vergecurrency
Mumaaaaa1;instar
davidmjrobbins;coinbase
davidmjrobbins;brian_armstrong
JohnDooooooooo;madave_lui
CryptoBagster;SEC_News
CryptoBagster;BCBacker
WClementeIII;goldseek
WClementeIII;michael_saylor
andreinaSgalla;Zykosis
andreinaSgalla;OMonzione
andreinaSgalla;masi_trading
andreinaSgalla;oddslotcom
andreinaSgalla;michael_saylor
Mike18384438;SmartCryptoNew1
Mike18384438;dentacoin
chatterpix6;MagniNano
bmccartan2112;elonmusk
Eka_authorie;DONJAZZY
Eka_authorie;davido
Eka_authorie;BLACKPINK
Eka_authorie;kucoincom
SpeckleNexus;adam3us
Ola10306298;Roobet
Jpgt110;haydentiff
Jpgt110;davidgokhshtein
Jpgt110;s_alderoty
CryptoGirl333;tyler
CryptoGirl333;GoingParabolic
godfirst_igwe;cryptoworld202
godfirst_igwe;MustacheTommy
godfirst_igwe;Bitcoin
godfirst_igwe;maxkeiser
Zykosis;OMonzione
Zykosis;masi_trading
Zykosis;oddslotcom
Zykosis;michael_saylor
John19228355;vergecurrency
jpnLedger;ttmygh
jpnLedger;fleckcap
jpnLedger;AitkenAdvisors
DLewis77777;jeffreyatucker
DLewis77777;SallyMayweather
lerwill_t;bgarlinghouse
nakedcrypto_com;jerallaire
shanenixy11;haydentiff
shanenixy11;davidgokhshtein
shanenixy11;s_alderoty
GrardSean;MichaelYeadon3
GrardSean;simondolan
virmanishveta;PiNetworkUSA
vair42082276;binance
infosuphighway;emmakennytv
infosuphighway;BorisJohnson
Pigletsmamas;PeterSchiff
Pigletsmamas;elonmusk
mira_hurley;BitcoinandTacos
mira_hurley;MartinAudley
mira_hurley;elonmusk
mira_hurley;BarrySilbert
mira_hurley;RealCryptoVogue
mira_hurley;PeterMcCormack
mira_hurley;Grayscale
JPeregoyIII;mcuban
4E93C4B107FEA2;PeterSchiff
4E93C4B107FEA2;elonmusk
EconomicGeek13;elonmusk
MKucala;markets
paymakr;JPeregoyIII
paymakr;mcuban
MustHaveCrypto;RichRogers_
MustHaveCrypto;bycocoricos
qubit1312;ZeitgeistFilm
qubit1312;maxkeiser
LotionboyDFW;GoldTelegraph_
momsdeception;JPeregoyIII
momsdeception;mcuban
checho_zgz;elonmusk
checho_zgz;michael_saylor
coxy;PeterMcCormack
yowietomas874;ttmygh
yowietomas874;fleckcap
The_Crypto_Ent;mendez83
The_Crypto_Ent;elonmusk
andrew_fisher_o;mira_hurley
hoppen_brouwers;cameron
LightZarth;binance
ScottWasham;elonmusk
eradcliffecom;mendez83
eradcliffecom;elonmusk
gross_monte;US_FDA
PabloASXcobar;InitiativeQ
MightySword8;elonmusk
NtsieniUnaado;stevenmnuchin1
NtsieniUnaado;tito_mboweni
WillyTWales;bankofengland
samlypanton;elonmusk
ronnyislam;elonmusk
JDBudgie;realDonaldTrump
ntembekoS;brian_armstrong
misconfig_exe;PeterMcCormack
misconfig_exe;elonmusk
misconfig_exe;Tesla
RazorbackAttac;mendez83
RazorbackAttac;elonmusk
OfByForEveR;KamalaHarris
PiGuy31415926;PiNetworkUSA
PiGuy31415926;PiCoreTeam
Pineapple_Pop26;davidgokhshtein
Pineapple_Pop26;girlgone_crypto
khawe;GoingParabolic
khawe;coinbase
Rayn58484504;CoinDesk
Rayn58484504;TR401
Rayn58484504;JoeBiden
CryptoScottyStu;Tr0llyTr0llFace
CryptoScottyStu;ahcastor
Ytruth4;CodeMonkeyZ
Cryptoland_EN;coinbase
Cryptoland_EN;brian_armstrong
Mark45dominic;SecPompeo
Mark45dominic;narendramodi
Mark45dominic;PMOIndia
Mark45dominic;BorisJohnson
Mark45dominic;realDonaldTrump
jchybow;elonmusk
pwetrust;stevenmnuchin1
CIOLookmagazine;Facebook
CIOLookmagazine;PayPal
JCapitalCompany;mcuban
JCapitalCompany;gladstein
ScottMeeuwsen;mcuban
ScottMeeuwsen;JackHar10524114
ScottMeeuwsen;gladstein
MemphisJC13;CoinDesk
MemphisJC13;Ripple
MemphisJC13;bgarlinghouse
Kathlee96724497;SteveBakerHW
BitcoinMoonB0y;MartinAudley
BitcoinMoonB0y;michael_saylor
BitcoinMoonB0y;TheCryptoDog
gitTesla;BTCWILLWIN
gitTesla;jimcramer
THHuxley1;SecPompeo
THHuxley1;stevenmnuchin1
MaineBitcoinLLC;AriDavidPaul
htsfhickey;PeterSchiff
htsfhickey;100trillionUSD
AchimLittlepage;davidgerard
AdedoyinAmos;vbankng
AdedoyinAmos;Bitcoin
AdedoyinAmos;ethereum
ZoltanAB;ahcastor
ZoltanAB;julie_wade
ZoltanAB;danheld
ZoltanAB;pierre_rochard
ZoltanAB;GeorgeGammon
knutsvanholm;Breedlove22
knutsvanholm;ZeitgeistFilm
knutsvanholm;PrestonPysh
knutsvanholm;maxkeiser
knutsvanholm;michael_saylor
knutsvanholm;danheld
knutsvanholm;johnkvallis
knutsvanholm;saifedean
VipulV2304;fedupbizowner
VipulV2304;GregCrennan
AndrewDrewKoven;CoinDesk
AndrewDrewKoven;BarrySilbert
AndrewDrewKoven;mcuban
AungNayLinn12;SmartCryptoNew1
AungNayLinn12;coinbase
AungNayLinn12;VinDAXOfficial
JohnBirchall;gbponz
JohnBirchall;ecb
JohnBirchall;nglinsman
JohnBirchall;DiMartinoBooth
BaldPaulis;BorisJohnson
BaldPaulis;MattHancock
BaldPaulis;RishiSunak
James780424;Neloangelo314
Maninoveralls;brucefenton
Matty_D_Dickson;business
madhog83;ZeitgeistFilm
madhog83;Snowden
SusanHinrichsen;realDonaldTrump
TheCryptolarch;binance
TheCryptolarch;cameron
TheCryptolarch;MASTERBTCLTC
TheCryptolarch;theRealKiyosaki
TheCryptolarch;aantonop
TheCryptolarch;xrp_mami
TheCryptolarch;iaemkai
TheCryptolarch;TheCryptoDog
TheCryptolarch;bitfinex
TheCryptolarch;AryacoinAYA
TheCryptolarch;yahoo_yehey
TheCryptolarch;tyler
TheCryptolarch;ryandarcy97
TheCryptolarch;InitiativeQ
TheCryptolarch;KC04231455
TheCryptolarch;Neloangelo314
TheCryptolarch;MaxieRyan
TheCryptolarch;HammerToe
TheCryptolarch;Bitcoin_RT
TheCryptolarch;GoingParabolic
TheCryptolarch;bitcoinzay
TheCryptolarch;cz_binance
TheCryptolarch;sonofdestinyxrp
TheCryptolarch;Eljaboom
TheCryptolarch;konsTYtucJApl
TheCryptolarch;corylyonsmusic
TheCryptolarch;ntembekoS
TheCryptolarch;Billy1Birdy
TheCryptolarch;Richard31518380
TheCryptolarch;PrettyE82907828
TheCryptolarch;mstrade
TheCryptolarch;VektaXrp
TheCryptolarch;skwp
TheCryptolarch;WeiLiang_7
TheCryptolarch;Cratez9
TheCryptolarch;danheld
TheCryptolarch;crypterium
TheCryptolarch;CryptoBagster
SysEnfor;Visa
Kaleb4rest;BarrySilbert
tesla_explodes;Gfilche
tesla_explodes;elonmusk
yep_its_spicy;FinanceLancelot
yep_its_spicy;fedupbizowner
yep_its_spicy;GregCrennan
xrptoro;Santiag78758327
xrptoro;sonofdestinyxrp
meltelbrot;Billy1Birdy
realLisaDaly;haydentiff
realLisaDaly;DCGco
james_podmore;JuliaHB1
james_podmore;talkRADIO
comexdefault;Wealth_Theory
comexdefault;DeskTrader999
comexdefault;GregMannarino
Big_n_1;binance
Big_n_1;PiCoreTeam
JewwBear;Snowden
rohangrey;Kiffmeister
rohangrey;jp_koning
rohangrey;Gonzo_MM
rohangrey;pesla
realeggrage;thedrivenlife
realeggrage;RaoulGMI
Jdeezy1216;saxena_puru
rajiv_biswas;CNN
rajiv_biswas;Ripple
Josutsune;Twitter
Jumpingjack6t9;APompliano
Jumpingjack6t9;GoingParabolic
Jumpingjack6t9;stoolpresidente
Jumpingjack6t9;PeterSchiff
nitincnarkar;realDonaldTrump
HappyMerlot;zerohedge
Rey87290661;business
Rey87290661;WSJ
Rey87290661;CNBCFastMoney
Rey87290661;CNBC
victrmel;Snowden
Xrpology;HammerToe
Xrpology;SEC_News
Sheryl72477675;SmartCryptoNew1
Sheryl72477675;vergecurrency
danamesnuwanda;Snowden
JINOVIO1;PiCoreTeam
PolitikQuebec;CNN
PolitikQuebec;realDonaldTrump
GolinMarvin;julie_wade
GolinMarvin;danheld
Hanz18921691;Wealth_Theory
AyeshaM03540409;Yield_Field_1
AyeshaM03540409;Plasma_Pay
crypterium;michael_saylor
mackenizm;Gfilche
mackenizm;heydave7
mackenizm;elonmusk
TomasVanicekk;X__Anderson
TomasVanicekk;sentosumosaba
yo2kris;rebecca_morgan
yo2kris;Carole121Q
yo2kris;CarlDevitt
yo2kris;LSW12612672511
yo2kris;NeilClark66
yo2kris;MRSS11224611
yo2kris;SuzanneEvans1
yo2kris;2013Boodicca
SuwitPark;MaxieRyan
SuwitPark;bgarlinghouse
js100js100;rebecca_morgan
js100js100;Carole121Q
js100js100;CarlDevitt
js100js100;LSW12612672511
js100js100;NeilClark66
js100js100;MRSS11224611
js100js100;SuzanneEvans1
js100js100;2013Boodicca
Lekker94;MahyarTousi
Lisa888000888;Billy1Birdy
Lisa888000888;mira_hurley
Lisa888000888;tyler
dolire04;coinkit_
PrettyE82907828;Twitter
corylyonsmusic;MaxieRyan
TonyDeBart1;yahoo_yehey
TonyDeBart1;PiNetworkNews
jrcash777;BTCWILLWIN
jrcash777;johnkvallis
Justin_Halford_;naval
Politicalthou12;PrestonPysh
Politicalthou12;fleckcap
minarchis1;SantiagoAuFund
DanDs435;TomFitton
DanDs435;YouTube
realGingerKelly;tedcruz
realGingerKelly;realDonaldTrump
realGingerKelly;SidneyPowell1
realGingerKelly;LLinWood
KayFins;PiCoreTeam
jlramirezb;SmartCryptoNew1
jlramirezb;VinDAXOfficial
realpolitik201;jimcramer
dariush051;binance
jezalino;APompliano
VinodKa27839472;PiNetworkNews
mcstonkface;JimboSamso
mcstonkface;zerohedge
AnthonyDessauer;theRealKiyosaki
ozcorpllc;BillAckman
ZubairK10594341;madave_lui
ZubairK10594341;CoinDesk
XRPCryptoQuebec;BakkupBradley
XRPCryptoQuebec;digitalassetbuy
CyberHornetBTC;VektaXrp
BiTW95869569;PiCoreTeam
nina_benita;realDonaldTrump
nina_benita;US_FDA
rodneylksmith;S_Mikhailovich
fubuloubu;RashidaTlaib
fubuloubu;RepLynch
fubuloubu;ChuyForCongress
fubuloubu;rohangrey
nikoleontas;binance
KetanVora4;cperruna
KetanVora4;saxena_puru
Bootycrumbs2;Bitcoin
Bootycrumbs2;michael_saylor
Alphonsobwjr;cameron
Everipedia;adam3us
Everipedia;IOHK_Charles
TheWilsonGroup1;bitcoinzay
zestyne3;PeterMcCormack
irish_dan82;zerohedge
irish_dan82;RampCapitalLLC
irish_dan82;PeterMcCormack
CosiRomanis;tito_mboweni
TheShiruba;TheRealTahinis
_Braamo;MustHaveCrypto
RoganMon9;alistairmilne
RoganMon9;adam3us
starkhodlr;coinbase
starkhodlr;TheCryptoDog
starkhodlr;PiCoreTeam
starkhodlr;girlgone_crypto
starkhodlr;michael_saylor
starkhodlr;CryptoAdventure
starkhodlr;dealbase
Crazitomali;iaemkai
Crazitomali;girlgone_crypto
Crazitomali;Grayscale
Rasna9h;DGBGiveaway
Rasna9h;dgb_chilling
Rasna9h;DiviProject
Rasna9h;DGBAT_Official
Rasna9h;DigiByteCoin
Rasna9h;MustacheTommy
Rasna9h;coinkit_
SINGALURI;PiCoreTeam
SINGALURI;CowcowCoin
AJain797;dudesimonlee
AJain797;GoldTelegraph_
AJain797;RealVision
AJain797;RaoulGMI
Mahruji14;DGBGiveaway
Mahruji14;coinkit_
Mahruji14;dgb_chilling
Mahruji14;DiviProject
Mahruji14;DGBAT_Official
Mahruji14;DigiByteCoin
Mahruji14;MustacheTommy
ThompsonRamson;Reuters
ThompsonRamson;Bitcoin_RT
ThompsonRamson;CoinMarketCap
TheCoinDad;jchervinsky
TheCoinDad;zackvoell
Maskman0978;SCryptoschool
Christo11374230;CryptoBull2020
Cointelegraph;jerallaire
EVERREST2222;PiCoreTeam
Scott56Arnold;FatEmperor
Chandra86313163;PMOIndia
Chandra86313163;narendramodi
gnsks2006;SWso155
gnsks2006;simondolan
NaseemA64107197;cz_binance
NaseemA64107197;binance
onome_mao;jack
SellUTheTop;XrpApe
SellUTheTop;PeterSchiff
SellUTheTop;KingAngelotta
SellUTheTop;BarrySilbert
SellUTheTop;Grayscale
jerallaire;circlepay
jerallaire;coinbase
DanBurkholder1;SellUTheTop
DanBurkholder1;XrpApe
DanBurkholder1;PeterSchiff
DanBurkholder1;KingAngelotta
DanBurkholder1;BarrySilbert
DanBurkholder1;Grayscale
jonblangiardo;filosedillo3
jonblangiardo;PeterSchiff
jonblangiardo;michael_saylor
247Fame;pierre_rochard
council_floyd;jack
ffgarrish;crypto_birb
Usrname_Taken_;PeterSchiff
Asma40179604;News1Lead
Scot_Highlander;MichaelYeadon3
dmihal;rohangrey
dmihal;NeerajKA
caobode2;Grayscale
SimonWa68015229;JuliaHB1
WinstonWolfe581;CNBCFastMoney
WinstonWolfe581;PeterSchiff
PlatinumRic;michael_saylor
wasif_haq;Eljaboom
ast1975;realDonaldTrump
ast1975;CNN
Cheeta1024Chris;stevenmnuchin1
_huzz;AWice
_huzz;zhusu
PrestonGlenn10;mstrade
donar;Tr0llyTr0llFace
donar;Nouriel
donar;EdVanDerWalt
RealCryptoVogue;_huzz
RealCryptoVogue;AWice
RealCryptoVogue;zhusu
Grateness__;dealbase
Grateness__;crypto_birb
Grateness__;Ripple
Pats12P;RaoulGMI
milkyway911;PeterSchiff
milkyway911;DTAPCAP
milkyway911;jeffreyatucker
marcolazzarini;GeorgeGammon
marcolazzarini;YouTube
AnAmericanInde2;LLinWood
AnAmericanInde2;realDonaldTrump
AnAmericanInde2;BrianKempGA
AnAmericanInde2;SidneyPowell1
m_saakyan;parman_the
m_saakyan;Breedlove22
m_saakyan;PrestonPysh
m_saakyan;saifedean
m_saakyan;aantonop
discbit;JimboSamso
discbit;Pats12P
discbit;APompliano
discbit;michael_saylor
foundingadvisor;patrickc
PhilNice2;tfoale
PhilNice2;Ripple
PhilNice2;JoelKatz
Pw7Js;EdVanDerWalt
satex;CNBC
Kenneth57748835;BCGameOfficial
Kenneth57748835;cctip_io
brianpla;madave_lui
brianpla;Ripple
falmanzar3;DTAPCAP
falmanzar3;JoeBiden
aamodo;CF_Poet
aamodo;LukeGromen
aamodo;SantiagoAuFund
aamodo;_animal_spirits
aamodo;Pats12P
4aces10;RussellOkung
mikefromslough1;Mark_J_Harper
mikefromslough1;SteveBakerHW
QinsiyaAmy;aantonop
QinsiyaAmy;TheMoonCarl
PDXJournalist;AriDavidPaul
PDXJournalist;jeffreyatucker
Thenewboston2;Cointelegraph
tonkin_laura;VincentCrypt46
tonkin_laura;Neloangelo314
tonkin_laura;CryptoBull2020
tonkin_laura;sentosumosaba
roryhighside;tfoale
roryhighside;Croesus_BTC
roryhighside;bitcoinordeath
roryhighside;FinancialBear
roryhighside;theruraljuror30
roryhighside;Frances_Coppola
roryhighside;crasl7
roryhighside;JPSHAFF
roryhighside;ahcastor
pingu_45;SkyNews
SukhenDey20;parman_the
SukhenDey20;goldseek
SukhenDey20;PiCoreTeam
sonarixx;realDonaldTrump
JohnGinsberg;tfoale
JohnGinsberg;Croesus_BTC
JohnGinsberg;bitcoinordeath
JohnGinsberg;FinancialBear
JohnGinsberg;theruraljuror30
JohnGinsberg;Frances_Coppola
JohnGinsberg;crasl7
JohnGinsberg;JPSHAFF
JohnGinsberg;ahcastor
baylor_hydro;coinbase
baylor_hydro;BillAckman
baylor_hydro;CNBC
baylor_hydro;jimcramer
baylor_hydro;patrickc
MyViciousTwin;APompliano
MyViciousTwin;JuliaLaRoche
auditmeplease;xrp_mami
BlockchainJames;rohangrey
BlockchainJames;galgitron
BlockchainJames;RashidaTlaib
BlockchainJames;ChuyForCongress
BlockchainJames;RepLynch
think4sec;rohangrey
think4sec;davidgerard
kraade;dudesimonlee
kraade;S_Mikhailovich
CameronGrandpre;rohangrey
CameronGrandpre;RashidaTlaib
CameronGrandpre;ChuyForCongress
CameronGrandpre;RepLynch
EthosVentures;rohangrey
EthosVentures;RashidaTlaib
EthosVentures;ChuyForCongress
EthosVentures;RepLynch
TOzgokmen;S_Mikhailovich
gyaisaa_wate;gyaigyimii
belllarry;realDonaldTrump
belllarry;BrianKempGA
Sim_Pop;rohangrey
MagdaLe95122612;SWso155
threadreaderapp;jerallaire
Don_Bue;APompliano
Don_Bue;JuliaLaRoche
BruceLund4;dudesimonlee
BruceLund4;S_Mikhailovich
eric_ruleman;rohangrey
eric_ruleman;pierre_rochard
brendanpaton;ErikSTownsend
brendanpaton;ttmygh
brendanpaton;htsfhickey
brendanpaton;fleckcap
MikeCautillo;mtcbtc
cryptocrackk;RichRogers_
konahuanui;Smartrick_Picks
konahuanui;Tesla
custalwaysright;PrestonPysh
custalwaysright;100trillionUSD
custalwaysright;RaoulGMI
custalwaysright;DTAPCAP
TerryWitterBTC;ErikSTownsend
TerryWitterBTC;ttmygh
TerryWitterBTC;htsfhickey
TerryWitterBTC;fleckcap
Do_ShutUp;ErikSTownsend
Do_ShutUp;ttmygh
Do_ShutUp;htsfhickey
Do_ShutUp;fleckcap
BlaiseBolland;mtcbtc
BlaiseBolland;blockfolio
BlaiseBolland;blackrock
BlockchainTLA;Visa
BlockchainTLA;circlepay
benja_richman;nic__carter
1e9petrichor;PrestonPysh
ChavezLuren;KamalaHarris
ChavezLuren;JoeBiden
iov58302040;CoinDesk
iov58302040;blackrock
iov58302040;PeterSchiff
blockchainedind;Visa
blockchainedind;Bitcoin
blockchainedind;Cointelegraph
Cryptopia_news;GregMannarino
mshiwank;jack
mshiwank;Facebook
Babarkolachi19;News1Lead
filosedillo3;DiMartinoBooth
